<?xml version="1.0" encoding="UTF-8"?>
<project-private xmlns="http://www.netbeans.org/ns/project-private/1">
    <editor-bookmarks xmlns="http://www.netbeans.org/ns/editor-bookmarks/2" lastBookmarkId="0"/>
    <open-files xmlns="http://www.netbeans.org/ns/projectui-open-files/2">
        <group>
            <file>file:/C:/Misho/Zaloha_151215/Vyuka/ODS%2017/LocHeur/src/locheur/LocationProblem.java</file>
            <file>file:/C:/Misho/Zaloha_151215/Vyuka/ODS%2017/LocHeur/src/locheur/LocHeur.java</file>
        </group>
    </open-files>
</project-private>
